,status_updates
0,"{'description': ""3/3 \r\nTo find out more on what to expect over the next week or two and in the native token age, here‚Äôs a rundown from our blog. So let's welcome Mary and multi-assets and let's go!üöÄ\r\nBlog: https://iohk.io/en/blog/posts/2021/02/18/building-native-tokens-on-cardano-for-pleasure-and-profit/\r\n\r\nLast but not least, a new video from David!\r\nDavid explains what you need to know about the beginning of an exciting multi-asset future... \r\n\r\nWatch it here: https://youtu.be/PVqsCXh-V5Y"", 'category': 'milestone', 'created_at': '2021-03-02T01:09:48.401Z', 'user': 'Niels Schoof', 'user_title': 'Cardano Foundation Community Manager', 'pin': True, 'project': {'type': 'Coin', 'id': 'cardano', 'name': 'Cardano', 'symbol': 'ada', 'image': {'thumb': 'https://assets.coingecko.com/coins/images/975/thumb/cardano.png?1547034860', 'small': 'https://assets.coingecko.com/coins/images/975/small/cardano.png?1547034860', 'large': 'https://assets.coingecko.com/coins/images/975/large/cardano.png?1547034860'}}}"
1,"{'description': ""CARDANO SMART CONTRACTS: On tonight's earlier Cardano360 we shared the rollout plan for smartcontracts on Cardano. Here's more on the Alonzo roadmap from Charles Hoskinson. We'll bring you more clips from the show throughout the week ahead via our Twitter accounts, so stay tuned!\r\n\r\nhttps://twitter.com/InputOutputHK/status/1375219371883307011"", 'category': 'general', 'created_at': '2021-03-26T01:53:13.066Z', 'user': 'Niels Schoof', 'user_title': 'Cardano Foundation Community Manager', 'pin': False, 'project': {'type': 'Coin', 'id': 'cardano', 'name': 'Cardano', 'symbol': 'ada', 'image': {'thumb': 'https://assets.coingecko.com/coins/images/975/thumb/cardano.png?1547034860', 'small': 'https://assets.coingecko.com/coins/images/975/small/cardano.png?1547034860', 'large': 'https://assets.coingecko.com/coins/images/975/large/cardano.png?1547034860'}}}"
2,"{'description': ""Join Tim Harrison & Aparna Jue for Cardano360 ‚Äì our bumper March edition üéâ\r\n\r\nIt's been another month of incredible growth across the Cardano universe. Packed with 3+ hours of content, here's where we chart our expanding universe!\r\n\r\nWatch it here: https://youtu.be/ULBLgPgxtN8"", 'category': 'general', 'created_at': '2021-03-26T01:50:59.841Z', 'user': 'Niels Schoof', 'user_title': 'Cardano Foundation Community Manager', 'pin': False, 'project': {'type': 'Coin', 'id': 'cardano', 'name': 'Cardano', 'symbol': 'ada', 'image': {'thumb': 'https://assets.coingecko.com/coins/images/975/thumb/cardano.png?1547034860', 'small': 'https://assets.coingecko.com/coins/images/975/small/cardano.png?1547034860', 'large': 'https://assets.coingecko.com/coins/images/975/large/cardano.png?1547034860'}}}"
3,"{'description': 'Cardano D-DAY Confirmed: Earlier today, IOHK have just successfully submitted an update proposal to the Cardano blockchain, handing over full responsibility for block production to the stake pool operator community on March 31st. This is what Decentralization looks like. Onward! üëå\r\nhttps://twitter.com/InputOutputHK/status/1375150085328211973', 'category': 'general', 'created_at': '2021-03-26T01:44:07.280Z', 'user': 'Niels Schoof', 'user_title': 'Cardano Foundation Community Manager', 'pin': False, 'project': {'type': 'Coin', 'id': 'cardano', 'name': 'Cardano', 'symbol': 'ada', 'image': {'thumb': 'https://assets.coingecko.com/coins/images/975/thumb/cardano.png?1547034860', 'small': 'https://assets.coingecko.com/coins/images/975/small/cardano.png?1547034860', 'large': 'https://assets.coingecko.com/coins/images/975/large/cardano.png?1547034860'}}}"
4,"{'description': 'Cardano360: A new episode of the Cardano monthly show!\r\n\r\nFeaturing a full program of updates on all aspects of Cardano development, including team & partner interviews, progress updates & more! Join us on 25th of March, 17:30 UTC \r\n\r\nGet ready for it here: https://www.crowdcast.io/e/cardano360-march', 'category': 'general', 'created_at': '2021-03-22T06:58:22.632Z', 'user': 'Niels Schoof', 'user_title': 'Cardano Foundation Community Manager', 'pin': False, 'project': {'type': 'Coin', 'id': 'cardano', 'name': 'Cardano', 'symbol': 'ada', 'image': {'thumb': 'https://assets.coingecko.com/coins/images/975/thumb/cardano.png?1547034860', 'small': 'https://assets.coingecko.com/coins/images/975/small/cardano.png?1547034860', 'large': 'https://assets.coingecko.com/coins/images/975/large/cardano.png?1547034860'}}}"
5,"{'description': 'NEW IOHK BLOG: Another important milestone for Cardano as financial data powerhouse Bloomberg adds Cardano to its ‚ÄòTerminal‚Äô real-time market information platform and leading exchange Coinbase Pro lists ADA!\r\n\r\nRead it all here: https://iohk.io/en/blog/posts/2021/03/17/momentum-continues-as-coinbase-lists-ada-and-bloomberg-adds-cardano/', 'category': 'general', 'created_at': '2021-03-18T03:20:25.204Z', 'user': 'Niels Schoof', 'user_title': 'Cardano Foundation Community Manager', 'pin': False, 'project': {'type': 'Coin', 'id': 'cardano', 'name': 'Cardano', 'symbol': 'ada', 'image': {'thumb': 'https://assets.coingecko.com/coins/images/975/thumb/cardano.png?1547034860', 'small': 'https://assets.coingecko.com/coins/images/975/small/cardano.png?1547034860', 'large': 'https://assets.coingecko.com/coins/images/975/large/cardano.png?1547034860'}}}"
6,"{'description': 'Cardano360 - March Edition is coming up next week! \r\n\r\nJoin your regular hosts Tim Harrison & Aparna Jue, along with guests from across the ecosystem with all the latest updates and deeper dives into the Cardano universe.\r\n\r\nSave your spot ‚¨áÔ∏è \r\nhttps://bit.ly/30RMbJN', 'category': 'general', 'created_at': '2021-03-18T03:17:21.932Z', 'user': 'Niels Schoof', 'user_title': 'Cardano Foundation Community Manager', 'pin': False, 'project': {'type': 'Coin', 'id': 'cardano', 'name': 'Cardano', 'symbol': 'ada', 'image': {'thumb': 'https://assets.coingecko.com/coins/images/975/thumb/cardano.png?1547034860', 'small': 'https://assets.coingecko.com/coins/images/975/small/cardano.png?1547034860', 'large': 'https://assets.coingecko.com/coins/images/975/large/cardano.png?1547034860'}}}"
7,"{'description': '""It\'s the beginning... of a great relationship which is going to extend throughout the years."" Here is Charles Hoskinson on the Coinbase Pro listing announcement, released a little earlier today: https://youtu.be/Z2gcNkeJ4Rk\r\n\r\nCoinbase Pro Announcement details can be found here: https://blog.coinbase.com/cardano-ada-is-launching-on-coinbase-pro-694b1cb8c778', 'category': 'milestone', 'created_at': '2021-03-17T02:24:25.203Z', 'user': 'Niels Schoof', 'user_title': 'Cardano Foundation Community Manager', 'pin': False, 'project': {'type': 'Coin', 'id': 'cardano', 'name': 'Cardano', 'symbol': 'ada', 'image': {'thumb': 'https://assets.coingecko.com/coins/images/975/thumb/cardano.png?1547034860', 'small': 'https://assets.coingecko.com/coins/images/975/small/cardano.png?1547034860', 'large': 'https://assets.coingecko.com/coins/images/975/large/cardano.png?1547034860'}}}"
8,"{'description': 'ICYMI: from the IOHK blog\r\n\r\nüëåFull Cardano block decentralization near! üöÄ\r\n‚õîÔ∏èNO change to k saturation levels for now\r\nüëçDelegators NO need to move if you are happy with your pool! \r\nüôå lots of work underway to ‚¨ÜÔ∏è decentralization\r\n\r\nUpdate on all this & more: https://iohk.io/en/blog/posts/2021/03/04/not-long-till-d-0-day/', 'category': 'general', 'created_at': '2021-03-11T03:14:40.251Z', 'user': 'Niels Schoof', 'user_title': 'Cardano Foundation Community Manager', 'pin': False, 'project': {'type': 'Coin', 'id': 'cardano', 'name': 'Cardano', 'symbol': 'ada', 'image': {'thumb': 'https://assets.coingecko.com/coins/images/975/thumb/cardano.png?1547034860', 'small': 'https://assets.coingecko.com/coins/images/975/small/cardano.png?1547034860', 'large': 'https://assets.coingecko.com/coins/images/975/large/cardano.png?1547034860'}}}"
9,"{'description': 'For the 4th year running, Cardano is named among CV Labs and PwC‚Äôs Top 50 Projects in blockchain. This industry-recognized report also named Cardano as the second largest ‚Äòunicorn‚Äô Swiss blockchain project. \r\n\r\nRead our statement on the report here: https://bit.ly/3e9gm76', 'category': 'general', 'created_at': '2021-03-05T07:09:26.652Z', 'user': 'Niels Schoof', 'user_title': 'Cardano Foundation Community Manager', 'pin': False, 'project': {'type': 'Coin', 'id': 'cardano', 'name': 'Cardano', 'symbol': 'ada', 'image': {'thumb': 'https://assets.coingecko.com/coins/images/975/thumb/cardano.png?1547034860', 'small': 'https://assets.coingecko.com/coins/images/975/small/cardano.png?1547034860', 'large': 'https://assets.coingecko.com/coins/images/975/large/cardano.png?1547034860'}}}"
10,"{'description': '1/3\r\nMISSION ACCOMPLISHED!: Did you notice anything? No? Good!üòè \r\nWe can confirm that the Cardano ‚ÄòMary‚Äô protocol update was successfully applied to the Cardano mainnet tonight at 21:44:51 UTC via a managed hard fork combinator event. ‚úÖ\r\n \r\nWelcome to the beginning of an exciting new multi-asset era on Cardano $ada! üî•\r\n\r\nA key milestone in its ongoing rollout, this update introduces core Goguen features of native token functionality & multi-asset support.', 'category': 'milestone', 'created_at': '2021-03-02T01:11:21.358Z', 'user': 'Niels Schoof', 'user_title': 'Cardano Foundation Community Manager', 'pin': False, 'project': {'type': 'Coin', 'id': 'cardano', 'name': 'Cardano', 'symbol': 'ada', 'image': {'thumb': 'https://assets.coingecko.com/coins/images/975/thumb/cardano.png?1547034860', 'small': 'https://assets.coingecko.com/coins/images/975/small/cardano.png?1547034860', 'large': 'https://assets.coingecko.com/coins/images/975/large/cardano.png?1547034860'}}}"
11,"{'description': '2/3\r\n$Ada holders can today download a new Daedalus Flight release (yellow logo) ‚Äì or use the latest Yoroi Wallet to check out the new features. After final acceptance testing within our Flight program, a fresh Daedalus (the regular mainnet - green logo) will come soon next, with full Cardano token registry integrations. üòé', 'category': 'milestone', 'created_at': '2021-03-02T01:10:29.607Z', 'user': 'Niels Schoof', 'user_title': 'Cardano Foundation Community Manager', 'pin': False, 'project': {'type': 'Coin', 'id': 'cardano', 'name': 'Cardano', 'symbol': 'ada', 'image': {'thumb': 'https://assets.coingecko.com/coins/images/975/thumb/cardano.png?1547034860', 'small': 'https://assets.coingecko.com/coins/images/975/small/cardano.png?1547034860', 'large': 'https://assets.coingecko.com/coins/images/975/large/cardano.png?1547034860'}}}"
12,"{'description': 'NEW IOHK BLOG: A ‚ÄúBabel fees‚Äù mechanism could bring even greater utility and flexibility to Cardano native tokens & create some exciting new business models. Our chief scientist Aggelos Kiayias outlines his team‚Äôs latest research‚Ä¶. üî•\r\n\r\nCheck: https://iohk.io/en/blog/posts/2021/02/25/babel-fees/ üê†\r\n\r\nICYMI: The Monthly Cardano Update Show, now rebranded ""Cardano 360"", was broadcasted yesterday with tonnes of cool new features, and updates. tl;dr = üëç\r\nhttps://crowdcast.io/e/hbe6af88', 'category': 'general', 'created_at': '2021-02-27T02:27:33.728Z', 'user': 'Niels Schoof', 'user_title': 'Cardano Foundation Community Manager', 'pin': False, 'project': {'type': 'Coin', 'id': 'cardano', 'name': 'Cardano', 'symbol': 'ada', 'image': {'thumb': 'https://assets.coingecko.com/coins/images/975/thumb/cardano.png?1547034860', 'small': 'https://assets.coingecko.com/coins/images/975/small/cardano.png?1547034860', 'large': 'https://assets.coingecko.com/coins/images/975/large/cardano.png?1547034860'}}}"
13,"{'description': ""WE'RE ON!! IOHK can today confirm that the ‚ÄòMary‚Äô Cardano protocol update is now fully confirmed for March 1st. Another key milestone in the Goguen rollout, the update introduces native tokens & multi-asset support, bringing exciting new use cases for Cardano!\r\nThe update proposal for the Mary update to mainnet has been submitted, ready to take effect via a hard fork combinator event at the border of epoch 251 at 21:44:51 UTC on March 1st 2021.\r\n\r\nMore later on: https://crowdcast.io/e/hbe6af88"", 'category': 'milestone', 'created_at': '2021-02-25T00:17:21.410Z', 'user': 'Niels Schoof', 'user_title': 'Cardano Foundation Community Manager', 'pin': False, 'project': {'type': 'Coin', 'id': 'cardano', 'name': 'Cardano', 'symbol': 'ada', 'image': {'thumb': 'https://assets.coingecko.com/coins/images/975/thumb/cardano.png?1547034860', 'small': 'https://assets.coingecko.com/coins/images/975/small/cardano.png?1547034860', 'large': 'https://assets.coingecko.com/coins/images/975/large/cardano.png?1547034860'}}}"
14,"{'description': 'Earlier today, Charles Hoskinson appeared in NYT\'s ""dealbook commenting on Bitcoin\'s energy requirements! \r\n\r\nRead the full piece here:\r\nhttps://www.nytimes.com/2021/02/23/business/dealbook/dealbook-dc-project-yellen.html\r\n\r\n(Hint: Cardano has the solution: https://forum.cardano.org/t/world-computers-that-don-t-cost-the-earth/41259)', 'category': 'general', 'created_at': '2021-02-24T01:57:41.165Z', 'user': 'Niels Schoof', 'user_title': 'Cardano Foundation Community Manager', 'pin': False, 'project': {'type': 'Coin', 'id': 'cardano', 'name': 'Cardano', 'symbol': 'ada', 'image': {'thumb': 'https://assets.coingecko.com/coins/images/975/thumb/cardano.png?1547034860', 'small': 'https://assets.coingecko.com/coins/images/975/small/cardano.png?1547034860', 'large': 'https://assets.coingecko.com/coins/images/975/large/cardano.png?1547034860'}}}"
15,"{'description': ""More huge news! üöÄ\r\n\r\nProject Catalyst has secured its status as the largest decentralized innovation fund in the üåç  & we're only getting started! More than 8k wallets have already registered to vote - 4X growth from Fund2 ‚Äì & registration is still open until March 3rdüëá \r\n\r\nhttps://youtu.be/c84O6L9oBYs"", 'category': 'general', 'created_at': '2021-02-24T01:51:14.387Z', 'user': 'Niels Schoof', 'user_title': 'Cardano Foundation Community Manager', 'pin': False, 'project': {'type': 'Coin', 'id': 'cardano', 'name': 'Cardano', 'symbol': 'ada', 'image': {'thumb': 'https://assets.coingecko.com/coins/images/975/thumb/cardano.png?1547034860', 'small': 'https://assets.coingecko.com/coins/images/975/small/cardano.png?1547034860', 'large': 'https://assets.coingecko.com/coins/images/975/large/cardano.png?1547034860'}}}"
16,"{'description': ""IOHK is thrilled to announce special guest Rob Hoehn, CEO of innovation platform IdeaScale is joining tomorrow's Project Catalyst townhall. Join us to hear more on our collab, setting the crypto governance world alight!\r\n\r\nRegister now & submit your questions ‚¨áÔ∏è\r\nhttps://crowdcast.io/e/fund4-2"", 'category': 'general', 'created_at': '2021-02-24T01:43:10.245Z', 'user': 'Niels Schoof', 'user_title': 'Cardano Foundation Community Manager', 'pin': False, 'project': {'type': 'Coin', 'id': 'cardano', 'name': 'Cardano', 'symbol': 'ada', 'image': {'thumb': 'https://assets.coingecko.com/coins/images/975/thumb/cardano.png?1547034860', 'small': 'https://assets.coingecko.com/coins/images/975/small/cardano.png?1547034860', 'large': 'https://assets.coingecko.com/coins/images/975/large/cardano.png?1547034860'}}}"
17,"{'description': ""NEW Monthly Cardano Update! ü§©\r\n\r\nOn the last Thursday of every month, we've been regularly been bringing you all the freshest news on Cardano development. \r\n\r\nTune in with the team next Thursday at 17:30 UTC for the Crowdcast watch along. Or catch the stream on the IOHK YouTube channel. PLUS you‚Äôll now be able to catch up afterwards, whenever you like, via our new audio version ‚Äì syndicated across leading podcast platforms.\r\n\r\nRegister here! https://crowdcast.io/e/hbe6af88"", 'category': 'general', 'created_at': '2021-02-19T01:28:36.323Z', 'user': 'Niels Schoof', 'user_title': 'Cardano Foundation Community Manager', 'pin': False, 'project': {'type': 'Coin', 'id': 'cardano', 'name': 'Cardano', 'symbol': 'ada', 'image': {'thumb': 'https://assets.coingecko.com/coins/images/975/thumb/cardano.png?1547034860', 'small': 'https://assets.coingecko.com/coins/images/975/small/cardano.png?1547034860', 'large': 'https://assets.coingecko.com/coins/images/975/large/cardano.png?1547034860'}}}"
18,"{'description': 'New IOHK Blog:\r\nNative tokens will soon bring multi-asset support to Cardano, allowing users to create uniquely defined custom tokens and carry out transactions with them directly on the Cardano blockchain.\r\n\r\nRead it all here:\r\nhttps://iohk.io/en/blog/posts/2021/02/18/building-native-tokens-on-cardano-for-pleasure-and-profit/', 'category': 'general', 'created_at': '2021-02-19T01:23:54.089Z', 'user': 'Niels Schoof', 'user_title': 'Cardano Foundation Community Manager', 'pin': False, 'project': {'type': 'Coin', 'id': 'cardano', 'name': 'Cardano', 'symbol': 'ada', 'image': {'thumb': 'https://assets.coingecko.com/coins/images/975/thumb/cardano.png?1547034860', 'small': 'https://assets.coingecko.com/coins/images/975/small/cardano.png?1547034860', 'large': 'https://assets.coingecko.com/coins/images/975/large/cardano.png?1547034860'}}}"
19,"{'description': 'The Daedalus Team is on üî•!\r\n\r\nNEW DAEDALUS VERSION: Fresh out now, Daedalus 3.3.0 is our most significant update yet, packed full of fresh features for Cardano & ada.\r\n\r\nDownload Daedalus today, ONLY from the official site üôè\r\n\r\nhttps://daedaluswallet.io/en/download/\r\n\r\n(Full details on ProjectCatalyst voting registration can be found here: iohk.zendesk.com/hc/en-us/articles/900004500746)', 'category': 'general', 'created_at': '2021-02-18T02:32:51.636Z', 'user': 'Niels Schoof', 'user_title': 'Cardano Foundation Community Manager', 'pin': False, 'project': {'type': 'Coin', 'id': 'cardano', 'name': 'Cardano', 'symbol': 'ada', 'image': {'thumb': 'https://assets.coingecko.com/coins/images/975/thumb/cardano.png?1547034860', 'small': 'https://assets.coingecko.com/coins/images/975/small/cardano.png?1547034860', 'large': 'https://assets.coingecko.com/coins/images/975/large/cardano.png?1547034860'}}}"
20,"{'description': 'The Mary Hard Fork is one of the most important events to happen on the Cardano blockchain since the Shelley rollout. What impact will the Mary HardFork have on the world? üåé \r\n\r\nRead our latest blog to find out what this will mean for Cardano.\r\n\r\nhttps://bit.ly/37jKPeI', 'category': 'general', 'created_at': '2021-02-18T02:23:09.607Z', 'user': 'Niels Schoof', 'user_title': 'Cardano Foundation Community Manager', 'pin': False, 'project': {'type': 'Coin', 'id': 'cardano', 'name': 'Cardano', 'symbol': 'ada', 'image': {'thumb': 'https://assets.coingecko.com/coins/images/975/thumb/cardano.png?1547034860', 'small': 'https://assets.coingecko.com/coins/images/975/small/cardano.png?1547034860', 'large': 'https://assets.coingecko.com/coins/images/975/large/cardano.png?1547034860'}}}"
21,"{'description': ""Read the latest Cointelegraph article with Cardano Foundation's General Secretary, Hinrich Pfeifer discussing how Cardano's native tokens will differ.\r\n\r\nCheck üëâ https://bit.ly/3b5IpBd"", 'category': 'general', 'created_at': '2021-02-16T02:34:51.973Z', 'user': 'Niels Schoof', 'user_title': 'Cardano Foundation Community Manager', 'pin': False, 'project': {'type': 'Coin', 'id': 'cardano', 'name': 'Cardano', 'symbol': 'ada', 'image': {'thumb': 'https://assets.coingecko.com/coins/images/975/thumb/cardano.png?1547034860', 'small': 'https://assets.coingecko.com/coins/images/975/small/cardano.png?1547034860', 'large': 'https://assets.coingecko.com/coins/images/975/large/cardano.png?1547034860'}}}"
22,"{'description': ""How to safely withdraw your ada from exchanges?\r\n\r\nHere's a great and informative article from Cardano Foundation's Elliot Hill, explaining how you can safely withdraw ada from exchanges, and potentially avoid loss of funds...\r\n\r\nCheck it out here üëâ https://forum.cardano.org/t/how-to-safely-withdraw-your-ada-from-exchanges/47624"", 'category': 'general', 'created_at': '2021-02-15T02:23:23.449Z', 'user': 'Niels Schoof', 'user_title': 'Cardano Foundation Community Manager', 'pin': False, 'project': {'type': 'Coin', 'id': 'cardano', 'name': 'Cardano', 'symbol': 'ada', 'image': {'thumb': 'https://assets.coingecko.com/coins/images/975/thumb/cardano.png?1547034860', 'small': 'https://assets.coingecko.com/coins/images/975/small/cardano.png?1547034860', 'large': 'https://assets.coingecko.com/coins/images/975/large/cardano.png?1547034860'}}}"
23,"{'description': ""Hello all! \r\n\r\nCharles Hoskinson gave a quick video update, commenting and updating the community on some of the upcoming 'birds' and updates for the Cardano Ecosystem. Be sure to check it out here: https://youtu.be/lFs8mBrdtCY \r\n\r\n(Don't forget to hit the LIKE button!) üî•"", 'category': 'general', 'created_at': '2021-02-13T03:04:26.222Z', 'user': 'Niels Schoof', 'user_title': 'Cardano Foundation Community Manager', 'pin': False, 'project': {'type': 'Coin', 'id': 'cardano', 'name': 'Cardano', 'symbol': 'ada', 'image': {'thumb': 'https://assets.coingecko.com/coins/images/975/thumb/cardano.png?1547034860', 'small': 'https://assets.coingecko.com/coins/images/975/small/cardano.png?1547034860', 'large': 'https://assets.coingecko.com/coins/images/975/large/cardano.png?1547034860'}}}"
24,"{'description': 'BLOG:\r\nProject Catalyst Fund4 will be our most accessible & ambitious round yet ‚Äì with $1 million in $ADA available for building on Cardano and full voting integration in Daedalus wallet to bring more of the community onboard than ever beforeüëå‚úîÔ∏èüöÄ\r\n\r\nRead it all here: https://iohk.io/en/blog/posts/2021/02/12/our-million-dollar-baby-project-catalyst/', 'category': 'general', 'created_at': '2021-02-13T02:45:56.820Z', 'user': 'Niels Schoof', 'user_title': 'Cardano Foundation Community Manager', 'pin': False, 'project': {'type': 'Coin', 'id': 'cardano', 'name': 'Cardano', 'symbol': 'ada', 'image': {'thumb': 'https://assets.coingecko.com/coins/images/975/thumb/cardano.png?1547034860', 'small': 'https://assets.coingecko.com/coins/images/975/small/cardano.png?1547034860', 'large': 'https://assets.coingecko.com/coins/images/975/large/cardano.png?1547034860'}}}"
25,"{'description': 'NEW VIDEO & NEW BLOG! ü§©\r\n\r\nVIDEO: \r\nRemember when people used to ‚Äòmine‚Äô crypto..? Well, Cardano is a bit different. Find out from David why Proof of Stake is different and how to get started with staking $ADA. \r\n\r\nWatch it here: https://youtu.be/OUZKSS_cJIE', 'category': 'general', 'created_at': '2021-02-13T02:45:43.094Z', 'user': 'Niels Schoof', 'user_title': 'Cardano Foundation Community Manager', 'pin': False, 'project': {'type': 'Coin', 'id': 'cardano', 'name': 'Cardano', 'symbol': 'ada', 'image': {'thumb': 'https://assets.coingecko.com/coins/images/975/thumb/cardano.png?1547034860', 'small': 'https://assets.coingecko.com/coins/images/975/small/cardano.png?1547034860', 'large': 'https://assets.coingecko.com/coins/images/975/large/cardano.png?1547034860'}}}"
26,"{'description': ""New Cardano Foundation Blog: \r\n\r\nCan blockchain help restore trust back into financial markets?  \r\nThis week's blog explores what trust may look like on Cardano, and how we could deploy our existing & upcoming features to maximize trust & transparency for all kinds of users.\r\n\r\nhttps://bit.ly/3p79F7A"", 'category': 'general', 'created_at': '2021-02-11T06:55:45.736Z', 'user': 'Niels Schoof', 'user_title': 'Cardano Foundation Community Manager', 'pin': False, 'project': {'type': 'Coin', 'id': 'cardano', 'name': 'Cardano', 'symbol': 'ada', 'image': {'thumb': 'https://assets.coingecko.com/coins/images/975/thumb/cardano.png?1547034860', 'small': 'https://assets.coingecko.com/coins/images/975/small/cardano.png?1547034860', 'large': 'https://assets.coingecko.com/coins/images/975/large/cardano.png?1547034860'}}}"
27,"{'description': '""With open-source blockchain infrastructure, like Cardano, anyone is free to explore our code and develop solutions to be deployed on our blockchain. "" - Frederik Gregaard.\r\n\r\nRead Cointelegraph\'s story here with the Cardano Foundation CEO\r\n\r\nhttps://bit.ly/39ZbWgC', 'category': 'general', 'created_at': '2021-02-10T03:28:33.072Z', 'user': 'Niels Schoof', 'user_title': 'Cardano Foundation Community Manager', 'pin': False, 'project': {'type': 'Coin', 'id': 'cardano', 'name': 'Cardano', 'symbol': 'ada', 'image': {'thumb': 'https://assets.coingecko.com/coins/images/975/thumb/cardano.png?1547034860', 'small': 'https://assets.coingecko.com/coins/images/975/small/cardano.png?1547034860', 'large': 'https://assets.coingecko.com/coins/images/975/large/cardano.png?1547034860'}}}"
28,"{'description': 'VIDEO: Everyday, more people are discovering how Cardano & cryptocurrency will change everything. \r\n\r\nSo starting today and throughout February, IOHK is experimenting by posting a new video every day on TikTok, Instagram, and YouTube stories.\r\n\r\nFind out more: https://youtu.be/VJK9zrqxJcg\r\n\r\n(Official IOHK TikTok & Instagram account is: ""IOHKOfficial"" - beware of fakes and impersonations!)', 'category': 'general', 'created_at': '2021-02-06T03:23:00.237Z', 'user': 'Niels Schoof', 'user_title': 'Cardano Foundation Community Manager', 'pin': False, 'project': {'type': 'Coin', 'id': 'cardano', 'name': 'Cardano', 'symbol': 'ada', 'image': {'thumb': 'https://assets.coingecko.com/coins/images/975/thumb/cardano.png?1547034860', 'small': 'https://assets.coingecko.com/coins/images/975/small/cardano.png?1547034860', 'large': 'https://assets.coingecko.com/coins/images/975/large/cardano.png?1547034860'}}}"
29,"{'description': 'LONG READ: Last week, Charles Hoskinson & Ben from Singularity_net sat down again together to explore decentralized social media, Cardano collab & benevolent AI. \r\n\r\nHere‚Äôs a full transcript of that fascinating conversation:\r\nhttps://iohk.io/en/blog/posts/2021/02/05/decentralizing-social-media/', 'category': 'general', 'created_at': '2021-02-06T03:19:56.626Z', 'user': 'Niels Schoof', 'user_title': 'Cardano Foundation Community Manager', 'pin': False, 'project': {'type': 'Coin', 'id': 'cardano', 'name': 'Cardano', 'symbol': 'ada', 'image': {'thumb': 'https://assets.coingecko.com/coins/images/975/thumb/cardano.png?1547034860', 'small': 'https://assets.coingecko.com/coins/images/975/small/cardano.png?1547034860', 'large': 'https://assets.coingecko.com/coins/images/975/large/cardano.png?1547034860'}}}"
30,"{'description': ""NEW IOHK BLOG: Yesterday Cardano's development arm, IOHK, successfully deployed the Mary update to the Cardano public testnet, bringing us one step closer to becoming a multi-asset smart contract platform. \r\n\r\nHere‚Äôs more from IOHK's Tim about the road to Mary on mainnet & what‚Äôs next üëá \r\nhttps://bit.ly/36EZXTC"", 'category': 'general', 'created_at': '2021-02-05T03:17:13.150Z', 'user': 'Niels Schoof', 'user_title': 'Cardano Foundation Community Manager', 'pin': False, 'project': {'type': 'Coin', 'id': 'cardano', 'name': 'Cardano', 'symbol': 'ada', 'image': {'thumb': 'https://assets.coingecko.com/coins/images/975/thumb/cardano.png?1547034860', 'small': 'https://assets.coingecko.com/coins/images/975/small/cardano.png?1547034860', 'large': 'https://assets.coingecko.com/coins/images/975/large/cardano.png?1547034860'}}}"
31,"{'description': ""Hello, Cardano Community! \r\n\r\nToday's blog from Cardano Foundation is a must-read regarding central bank digital currencies, CBDCs.  Find out more on building the world's new reserve currency here.\r\n\r\nüëâhttps://bit.ly/3pRhoYI"", 'category': 'general', 'created_at': '2021-02-04T05:34:47.979Z', 'user': 'Niels Schoof', 'user_title': 'Cardano Foundation Community Manager', 'pin': False, 'project': {'type': 'Coin', 'id': 'cardano', 'name': 'Cardano', 'symbol': 'ada', 'image': {'thumb': 'https://assets.coingecko.com/coins/images/975/thumb/cardano.png?1547034860', 'small': 'https://assets.coingecko.com/coins/images/975/small/cardano.png?1547034860', 'large': 'https://assets.coingecko.com/coins/images/975/large/cardano.png?1547034860'}}}"
32,"{'description': ""MISSION ACCOMPLISHED: IOHK is delighted to report that since a few hours ago, the Cardano Testnet is officially in the multi-asset era. \r\n\r\nAt 20:20:16 UTC, we successfully forked & applied the Goguen 'Mary' native token upgrade to the Testnet environment. \r\n\r\nThe NEXT stop is mainnet, by the end of the month!üëç\r\n\r\nWant to learn more and play around a bit? Visit:\r\nhttps://developers.cardano.org/en/development-environments/native-tokens/native-tokens/"", 'category': 'general', 'created_at': '2021-02-04T01:58:29.041Z', 'user': 'Niels Schoof', 'user_title': 'Cardano Foundation Community Manager', 'pin': False, 'project': {'type': 'Coin', 'id': 'cardano', 'name': 'Cardano', 'symbol': 'ada', 'image': {'thumb': 'https://assets.coingecko.com/coins/images/975/thumb/cardano.png?1547034860', 'small': 'https://assets.coingecko.com/coins/images/975/small/cardano.png?1547034860', 'large': 'https://assets.coingecko.com/coins/images/975/large/cardano.png?1547034860'}}}"
33,"{'description': ""NEW DEV BLOG: Last week, we announced the new Plutus Playground. \r\n\r\nNext up, Michael Peyton Jones analyzes the Plutus Tx compiler, exploring how it'll allow you to freely write Haskell & seamlessly use it in both on-chain & off-chain code.\r\n\r\nRead it here: https://iohk.io/en/blog/posts/2021/02/02/plutus-tx-compiling-haskell-into-plutus-core/"", 'category': 'general', 'created_at': '2021-02-03T10:05:28.567Z', 'user': 'Niels Schoof', 'user_title': 'Cardano Foundation Community Manager', 'pin': False, 'project': {'type': 'Coin', 'id': 'cardano', 'name': 'Cardano', 'symbol': 'ada', 'image': {'thumb': 'https://assets.coingecko.com/coins/images/975/thumb/cardano.png?1547034860', 'small': 'https://assets.coingecko.com/coins/images/975/small/cardano.png?1547034860', 'large': 'https://assets.coingecko.com/coins/images/975/large/cardano.png?1547034860'}}}"
34,"{'description': ""The upcoming 'Mary' Hardfork combinator event will bring native token functionality to Cardano. \r\n\r\nCatch up on the progress on the pre-production environment & what is coming next from Kevin Hammond: https://bit.ly/2YDpxDO"", 'category': 'general', 'created_at': '2021-02-03T10:01:36.276Z', 'user': 'Niels Schoof', 'user_title': 'Cardano Foundation Community Manager', 'pin': False, 'project': {'type': 'Coin', 'id': 'cardano', 'name': 'Cardano', 'symbol': 'ada', 'image': {'thumb': 'https://assets.coingecko.com/coins/images/975/thumb/cardano.png?1547034860', 'small': 'https://assets.coingecko.com/coins/images/975/small/cardano.png?1547034860', 'large': 'https://assets.coingecko.com/coins/images/975/large/cardano.png?1547034860'}}}"
35,"{'description': ""Have you checked out the new delegation center in Daedalus 3.2.0 yet? \r\n\r\nWe've redesigned the delegation interface to show you when any delegation changes you make will kick in. All to make your pool choices easier, more transparent & more flexible üëâ https://bit.ly/3adVx71"", 'category': 'general', 'created_at': '2021-02-03T10:00:41.655Z', 'user': 'Niels Schoof', 'user_title': 'Cardano Foundation Community Manager', 'pin': False, 'project': {'type': 'Coin', 'id': 'cardano', 'name': 'Cardano', 'symbol': 'ada', 'image': {'thumb': 'https://assets.coingecko.com/coins/images/975/thumb/cardano.png?1547034860', 'small': 'https://assets.coingecko.com/coins/images/975/small/cardano.png?1547034860', 'large': 'https://assets.coingecko.com/coins/images/975/large/cardano.png?1547034860'}}}"
36,"{'description': 'For a great number of Cardano Community members it was the ""Cardano Whiteboard Video"" that started it all... \r\n\r\nOn October 27th 2017 Charles Hoskinson posted a, now-legendary, whiteboard walkthrough of his vision for Cardano. \r\n\r\nHow did you first come to know about Cardano? \r\nWhat got you excited? \r\nWhy did you join the Cardano Community?\r\n\r\nWe\'d love to know! Let us know in the thread below:\r\nhttps://twitter.com/InputOutputHK/status/1355635902102564866', 'category': 'general', 'created_at': '2021-01-31T05:24:37.162Z', 'user': 'Niels Schoof', 'user_title': 'Cardano Foundation Community Manager', 'pin': False, 'project': {'type': 'Coin', 'id': 'cardano', 'name': 'Cardano', 'symbol': 'ada', 'image': {'thumb': 'https://assets.coingecko.com/coins/images/975/thumb/cardano.png?1547034860', 'small': 'https://assets.coingecko.com/coins/images/975/small/cardano.png?1547034860', 'large': 'https://assets.coingecko.com/coins/images/975/large/cardano.png?1547034860'}}}"
37,"{'description': 'NEW CARDANO VIDEO: How Do You Explain The Mission Of Cardano? We live in a world of two systems; one for the few and another for the many. Cardano exists to push power to the edges, an enabling force for progress and positive change. For everyone.\r\n\r\nWatch it here: https://youtu.be/l_Nv0-PVrnM', 'category': 'general', 'created_at': '2021-01-30T03:03:18.703Z', 'user': 'Niels Schoof', 'user_title': 'Cardano Foundation Community Manager', 'pin': False, 'project': {'type': 'Coin', 'id': 'cardano', 'name': 'Cardano', 'symbol': 'ada', 'image': {'thumb': 'https://assets.coingecko.com/coins/images/975/thumb/cardano.png?1547034860', 'small': 'https://assets.coingecko.com/coins/images/975/small/cardano.png?1547034860', 'large': 'https://assets.coingecko.com/coins/images/975/large/cardano.png?1547034860'}}}"
38,"{'description': ""SOFTWARE UPDATE: IOHK are delighted to report that they have successfully submitted the 'Mary' HFC update proposal for the Cardano Public Testnet, to take effect February 3rd 20:20:16 UTC. Mainnet update still proceeding to plan. üî•üß±"", 'category': 'software_release', 'created_at': '2021-01-30T03:02:28.685Z', 'user': 'Niels Schoof', 'user_title': 'Cardano Foundation Community Manager', 'pin': False, 'project': {'type': 'Coin', 'id': 'cardano', 'name': 'Cardano', 'symbol': 'ada', 'image': {'thumb': 'https://assets.coingecko.com/coins/images/975/thumb/cardano.png?1547034860', 'small': 'https://assets.coingecko.com/coins/images/975/small/cardano.png?1547034860', 'large': 'https://assets.coingecko.com/coins/images/975/large/cardano.png?1547034860'}}}"
39,"{'description': 'Check out the first Cardano monthly update of 2021! üî•üì£\r\n\r\nWatch Tim Harrison & Aparna Jue as they shared all the latest on all things Cardano, with fresh news, product deep dives, Cardano Foundation team interviews & the latest Goguen development progress.\r\n\r\nCheck out full list with links and table of contents here:\r\nhttps://forum.cardano.org/t/check-out-the-first-cardano-monthly-update-of-2021/45739', 'category': 'general', 'created_at': '2021-01-29T02:50:56.517Z', 'user': 'Niels Schoof', 'user_title': 'Cardano Foundation Community Manager', 'pin': False, 'project': {'type': 'Coin', 'id': 'cardano', 'name': 'Cardano', 'symbol': 'ada', 'image': {'thumb': 'https://assets.coingecko.com/coins/images/975/thumb/cardano.png?1547034860', 'small': 'https://assets.coingecko.com/coins/images/975/small/cardano.png?1547034860', 'large': 'https://assets.coingecko.com/coins/images/975/large/cardano.png?1547034860'}}}"
40,"{'description': 'Check out the first Cardano monthly update of 2021! üî•üì£\r\n\r\nWatch Tim Harrison & Aparna Jue as they shared all the latest on all things Cardano, with fresh news, product deep dives, Cardano Foundation team interviews & the latest Goguen development progress.\r\n\r\nCheck out full list with links and table of contents here:\r\nforum.cardano.org/t/check-out-the-first-cardano-monthly-update-of-2021/457', 'category': 'general', 'created_at': '2021-01-29T02:38:23.992Z', 'user': 'Niels Schoof', 'user_title': 'Cardano Foundation Community Manager', 'pin': False, 'project': {'type': 'Coin', 'id': 'cardano', 'name': 'Cardano', 'symbol': 'ada', 'image': {'thumb': 'https://assets.coingecko.com/coins/images/975/thumb/cardano.png?1547034860', 'small': 'https://assets.coingecko.com/coins/images/975/small/cardano.png?1547034860', 'large': 'https://assets.coingecko.com/coins/images/975/large/cardano.png?1547034860'}}}"
41,"{'description': 'Cardano could soon begin to have a profound impact on today‚Äôs DeFi landscape. \r\nCheck out our latest blog post to learn how.\r\n\r\nhttps://bit.ly/2NuXIeC', 'category': 'general', 'created_at': '2021-01-28T02:44:34.901Z', 'user': 'Niels Schoof', 'user_title': 'Cardano Foundation Community Manager', 'pin': False, 'project': {'type': 'Coin', 'id': 'cardano', 'name': 'Cardano', 'symbol': 'ada', 'image': {'thumb': 'https://assets.coingecko.com/coins/images/975/thumb/cardano.png?1547034860', 'small': 'https://assets.coingecko.com/coins/images/975/small/cardano.png?1547034860', 'large': 'https://assets.coingecko.com/coins/images/975/large/cardano.png?1547034860'}}}"
42,"{'description': 'OUT NOW: Daedalus 3.2.0 for Cardano mainnet. \r\nFollowing last week‚Äôs successful Flight release, this new version includes a redesigned Delegation center & resolves the issue of sending ada to legacy Byron addresses with Ledger hardware wallet devices.\r\nCurrent Daedalus users will soon receive an update alert direct from Daedalus. If you want to give it a spin for the first time, as always, we remind you to download Daedalus only from the official website!\r\nhttps://daedaluswallet.io/en/download/', 'category': 'general', 'created_at': '2021-01-27T03:08:32.731Z', 'user': 'Niels Schoof', 'user_title': 'Cardano Foundation Community Manager', 'pin': False, 'project': {'type': 'Coin', 'id': 'cardano', 'name': 'Cardano', 'symbol': 'ada', 'image': {'thumb': 'https://assets.coingecko.com/coins/images/975/thumb/cardano.png?1547034860', 'small': 'https://assets.coingecko.com/coins/images/975/small/cardano.png?1547034860', 'large': 'https://assets.coingecko.com/coins/images/975/large/cardano.png?1547034860'}}}"
43,"{'description': 'OUT NOW: Introducing the new Plutus Playground, an environment for writing and testing smart contracts before deploying to Cardano when Plutus hits mainnet later this year. üñ•‚õì\r\n\r\nToday, as we continue the Goguen rollout, we‚Äôre announcing new dev tools & refreshed UI. üî•\r\nQuick video intro here: https://twitter.com/i/status/1353767674111795201', 'category': 'software_release', 'created_at': '2021-01-26T13:41:23.148Z', 'user': 'Niels Schoof', 'user_title': 'Cardano Foundation Community Manager', 'pin': False, 'project': {'type': 'Coin', 'id': 'cardano', 'name': 'Cardano', 'symbol': 'ada', 'image': {'thumb': 'https://assets.coingecko.com/coins/images/975/thumb/cardano.png?1547034860', 'small': 'https://assets.coingecko.com/coins/images/975/small/cardano.png?1547034860', 'large': 'https://assets.coingecko.com/coins/images/975/large/cardano.png?1547034860'}}}"
44,"{'description': ""2/2\r\n\r\nWe're calling on devs to get involved and help us finalize the playground as we head closer to primetime. To find out more, access the links, and also register your interest for our developer programs, you'll find all you need right here:\r\n\r\nhttps://iohk.io/en/blog/posts/2021/01/25/introducing-the-new-plutus-playground/"", 'category': 'software_release', 'created_at': '2021-01-26T13:41:07.146Z', 'user': 'Niels Schoof', 'user_title': 'Cardano Foundation Community Manager', 'pin': False, 'project': {'type': 'Coin', 'id': 'cardano', 'name': 'Cardano', 'symbol': 'ada', 'image': {'thumb': 'https://assets.coingecko.com/coins/images/975/thumb/cardano.png?1547034860', 'small': 'https://assets.coingecko.com/coins/images/975/small/cardano.png?1547034860', 'large': 'https://assets.coingecko.com/coins/images/975/large/cardano.png?1547034860'}}}"
45,"{'description': 'Get ready for the first Cardano Monthly show: January edition!\r\n\r\nJoin us this Thursday 28th for our monthly update on all things Cardano with Aparna Jue and Tim Harrison!\r\n\r\nRegister today: https://bit.ly/366fPhE', 'category': 'general', 'created_at': '2021-01-26T13:35:40.044Z', 'user': 'Niels Schoof', 'user_title': 'Cardano Foundation Community Manager', 'pin': False, 'project': {'type': 'Coin', 'id': 'cardano', 'name': 'Cardano', 'symbol': 'ada', 'image': {'thumb': 'https://assets.coingecko.com/coins/images/975/thumb/cardano.png?1547034860', 'small': 'https://assets.coingecko.com/coins/images/975/small/cardano.png?1547034860', 'large': 'https://assets.coingecko.com/coins/images/975/large/cardano.png?1547034860'}}}"
46,"{'description': ""Every two weeks, project managers Dimitris & Volodymyr share a technical development update, tracking Cardano Goguen delivery against each sprint.\r\n\r\nHere's their very latest despatch from the front: https://bit.ly/3o4uekv\r\n\r\n(TL/DR: üí™-üëç)"", 'category': 'general', 'created_at': '2021-01-22T02:55:46.258Z', 'user': 'Niels Schoof', 'user_title': 'Cardano Foundation Community Manager', 'pin': False, 'project': {'type': 'Coin', 'id': 'cardano', 'name': 'Cardano', 'symbol': 'ada', 'image': {'thumb': 'https://assets.coingecko.com/coins/images/975/thumb/cardano.png?1547034860', 'small': 'https://assets.coingecko.com/coins/images/975/small/cardano.png?1547034860', 'large': 'https://assets.coingecko.com/coins/images/975/large/cardano.png?1547034860'}}}"
47,"{'description': ""Metadata could be the first significant stride towards making Cardano the financial and social operating system of the future. üì£‚õìüñ•üìà\r\n\r\nHow? Learn more in this week's post: https://bit.ly/38Z7k9O"", 'category': 'general', 'created_at': '2021-01-21T09:31:52.426Z', 'user': 'Niels Schoof', 'user_title': 'Cardano Foundation Community Manager', 'pin': False, 'project': {'type': 'Coin', 'id': 'cardano', 'name': 'Cardano', 'symbol': 'ada', 'image': {'thumb': 'https://assets.coingecko.com/coins/images/975/thumb/cardano.png?1547034860', 'small': 'https://assets.coingecko.com/coins/images/975/small/cardano.png?1547034860', 'large': 'https://assets.coingecko.com/coins/images/975/large/cardano.png?1547034860'}}}"
48,"{'description': 'Here\'s a couple interesting updates and information from the Cardano Ecosystem.\r\n\r\nHear our Chief Growth Officer, Eva Oberholzer, provide an overview of Cardano in the new year on the latest podcast by ""United Stakes"" - focusing on governance and smartcontracts. ‚õìüìë‚öñÔ∏è\r\n\r\nCheck it out: https://bit.ly/3oX4SX5.', 'category': 'general', 'created_at': '2021-01-19T02:14:32.910Z', 'user': 'Niels Schoof', 'user_title': 'Cardano Foundation Community Manager', 'pin': False, 'project': {'type': 'Coin', 'id': 'cardano', 'name': 'Cardano', 'symbol': 'ada', 'image': {'thumb': 'https://assets.coingecko.com/coins/images/975/thumb/cardano.png?1547034860', 'small': 'https://assets.coingecko.com/coins/images/975/small/cardano.png?1547034860', 'large': 'https://assets.coingecko.com/coins/images/975/large/cardano.png?1547034860'}}}"
49,"{'description': 'Also, yesterday Jeremy Firster and Mel McCann did a crowdcast with InputOutputHK discussing metadata on Cardano. üíæ üñ•\r\nWatch it here: https://crowdcast.io/e/metadata (or here on YT: https://www.youtube.com/watch?v=LrN3ETZ3fRM)', 'category': 'general', 'created_at': '2021-01-19T02:13:55.582Z', 'user': 'Niels Schoof', 'user_title': 'Cardano Foundation Community Manager', 'pin': False, 'project': {'type': 'Coin', 'id': 'cardano', 'name': 'Cardano', 'symbol': 'ada', 'image': {'thumb': 'https://assets.coingecko.com/coins/images/975/thumb/cardano.png?1547034860', 'small': 'https://assets.coingecko.com/coins/images/975/small/cardano.png?1547034860', 'large': 'https://assets.coingecko.com/coins/images/975/large/cardano.png?1547034860'}}}"
